[
    {
      "type": "index",
      "title": "Einleitung",
      "content": "<p>Willkommen auf meinem Portfolio! Hier finden Sie einen kleinen Einblick in verschiedene Projekte, an denen ich in den letzten Jahren gearbeitet habe.</p>"
    },
    {
      "type": "main",
      "title": "Portfolio",
      "description": "Meine Projekte der letzten Jahre",
      "CustomCSS": "portfolio.css"
    },
    {
      "type": "main",
      "title": "Über mich",
      "description": "Meine Person, Interessen und Aktivitäten",
      "content": "<p>Mein Name ist Yannick Rast und ich studiere Medieninformatik an der Hochschule Harz in Wernigerode. Geboren wurde ich am 4. Oktober 1998 in der Stadt Helmstedt, eine Stadt, die nahe Braunschweig liegt.<br> Jetzt wohne ich in der Stadt Schöningen, welche 15 Kilometer von Helmstedt entfernt ist.<br><br> Während Deutsch meine Muttersprache ist, beherrsche ich zudem Englisch und stark eingeschränkt Französisch. Meine Interessen sind neben der Gaming- und Filmbranche das Modden von Computerspielen und Erstellen und Designen von Webinhalten. Zu meinen Hobbies zähle ich Badminton, Tischtennis und das Spielen am Computer.</p><br><br><br><br><h4>Mein Ausbildungsverlauf:</h4><br><br><center><ol><li>2005-2009 - Grundschule Schöningen</li><br><li>2009-2019 - Gymnasium Anna-Sophianeum</li><br><li>2019-2019 - Hochschule Ostfalia</li><br><li>2020-heute - Hochschule Harz</li></ol></center><br><br><br><br><h4>Mein Wohnort:</h4><br><br><div id='mapdiv'><div id='map'></div></div><script src='http://www.openlayers.org/api/OpenLayers.js'></script><br><br>",
      "CustomCSS": "map.css",
      "CustomJS": "map.js"
    },
    {
      "type": "main",
      "title": "Kontakt",
      "description": "Verwenden Sie das Formular, falls Sie mit mir Kontakt aufnehmen möchten.",
      "content": "<form action='https://form.taxi/s/f57okt2z' id='ft-form' method='POST' accept-charset='UTF-8'><fieldset><label>Ansprechname:<input type='text' name='Name' required></label><br><br><label>E-Mail:<input type='email' name='E-Mail' required></label><br><br><label> Nachricht: <textarea rows='8' name='Nachricht' required></textarea></label><br><div><label><input type='checkbox' name='Datenverarbeitung bestätigt' value='Ja' required> Ich bestätige, dass ich mit der Verarbeitung meiner Eingaben zum Zweck der Anfragebearbeitung einverstanden bin.</label></div></fieldset><div class='btns'><input type='text' name='_gotcha' value='' style='display:none;'><input type='submit' value='absenden'></div></form>",
      "CustomCSS": "contact.css"
    },
    {
      "type": "footer",
      "title": "Impressum",
      "content": "<h4>Informationspflicht laut § 5 TMG.</h4><br><br><p>Yannick Rast<br><br>Schulstraße 7A,<br>38364 Schöningen,<br>Deutschland<br><br><b>Telefon:</b> 015758756533<br><b>E-Mail:</b> kontakt@yannickrast.de</p><br><br><br> <h4>Hinweis gemäß Online-Streitbeilegungs-Verordnung</h4><br><br> <p>Nach geltendem Recht sind wir verpflichtet, Verbraucher auf die Existenz der Europäischen Online-Streitbeilegungs-Plattform hinzuweisen, die für die Beilegung von Streitigkeiten genutzt werden kann, ohne dass ein Gericht eingeschaltet werden muss. Für die Einrichtung der Plattform ist die Europäische Kommission zuständig. Die Europäische Online-Streitbeilegungs-Plattform ist hier zu finden: <a href='http://ec.europa.eu/odr' target='blank'>http://ec.europa.eu/odr</a>. Wir weisen aber darauf hin, dass wir nicht bereit sind, uns am Streitbeilegungsverfahren im Rahmen der Europäischen Online-Streitbeilegungs-Plattform zu beteiligen. Nutzen Sie zur Kontaktaufnahme bitte das unter Kontakt zu findene Formular.</p><br><br><br> <h4>Disclaimer – rechtliche Hinweise</h4><br><br> <p>§ 1 Warnhinweis zu Inhalten<br> Die kostenlosen und frei zugänglichen Inhalte dieser Webseite wurden mit größtmöglicher Sorgfalt erstellt. <br>Der Anbieter dieser Webseite übernimmt jedoch keine Gewähr für die Richtigkeit und Aktualität der bereitgestellten kostenlosen und frei zugänglichen journalistischen Ratgeber und Nachrichten. Namentlich gekennzeichnete Beiträge geben die Meinung des jeweiligen Autors und nicht immer die Meinung des Anbieters wieder. Allein durch den Aufruf der kostenlosen und frei zugänglichen Inhalte kommt keinerlei Vertragsverhältnis zwischen dem Nutzer und dem Anbieter zustande, insoweit fehlt es am Rechtsbindungswillen des Anbieters.<br><br> § 2 Externe Links<br> Diese Website enthält Verknüpfungen zu Websites Dritter ('externe Links'). Diese Websites unterliegen der Haftung der jeweiligen Betreiber. Der Anbieter hat bei der erstmaligen Verknüpfung der externen Links die fremden Inhalte daraufhin überprüft, ob etwaige Rechtsverstöße bestehen. Zu dem Zeitpunkt waren keine Rechtsverstöße ersichtlich. Der Anbieter hat keinerlei Einfluss auf die aktuelle und zukünftige Gestaltung und auf die Inhalte der verknüpften Seiten. Das Setzen von externen Links bedeutet nicht, dass sich der Anbieter die hinter dem Verweis oder Link liegenden Inhalte zu Eigen macht. Eine ständige Kontrolle der externen Links ist für den Anbieter ohne konkrete Hinweise auf Rechtsverstöße nicht zumutbar. Bei Kenntnis von Rechtsverstößen werden jedoch derartige externe Links unverzüglich gelöscht.<br><br> § 3 Urheber- und Leistungsschutzrechte<br> Die auf dieser Website veröffentlichten Inhalte unterliegen dem deutschen Urheber- und Leistungsschutzrecht. Jede vom deutschen Urheber- und Leistungsschutzrecht nicht zugelassene Verwertung bedarf der vorherigen schriftlichen Zustimmung des Anbieters oder jeweiligen Rechteinhabers. Dies gilt insbesondere für Vervielfältigung, Bearbeitung, Übersetzung, Einspeicherung, Verarbeitung bzw. Wiedergabe von Inhalten in Datenbanken oder anderen elektronischen Medien und Systemen. Inhalte und Rechte Dritter sind dabei als solche gekennzeichnet. Die unerlaubte Vervielfältigung oder Weitergabe einzelner Inhalte oder kompletter Seiten ist nicht gestattet und strafbar. Lediglich die Herstellung von Kopien und Downloads für den persönlichen, privaten und nicht kommerziellen Gebrauch ist erlaubt. Die Darstellung dieser Website in fremden Frames ist nur mit schriftlicher Erlaubnis zulässig.<br><br> § 4 Besondere Nutzungsbedingungen<br> Soweit besondere Bedingungen für einzelne Nutzungen dieser Website von den vorgenannten Paragraphen abweichen, wird an entsprechender Stelle ausdrücklich darauf hingewiesen. In diesem Falle gelten im jeweiligen Einzelfall die besonderen Nutzungsbedingungen.</p>"
    },
    {
      "type": "footer",
      "title": "Datenschutz",
      "content": "<h4>Kontaktaufnahme per Kontaktformular / E-Mail / Post</h4><br><br><p>1. Bei der Kontaktaufnahme mit uns per Kontaktformular, Post oder E-Mail werden Ihre Angaben zum Zwecke der Abwicklung der Kontaktanfrage verarbeitet.<br> <br>2. Rechtsgrundlage für die Verarbeitung der Daten ist bei Vorliegen einer Einwilligung von Ihnen Art. 6 Abs. 1 S. 1 lit. a) DS-GVO. Rechtsgrundlage für die Verarbeitung der Daten, die im Zuge einer Kontaktanfrage oder E-Mail, eines Briefes oder Faxes übermittelt werden, ist Art. 6 Abs. 1 S. 1 lit. f) DS-GVO. Der Verantwortliche hat ein berechtigtes Interesse an der Verarbeitung und Speicherung der Daten, um Anfragen der Nutzer beantworten zu können, zur Beweissicherung aus Haftungsgründen und um ggf. seiner gesetzlichen Aufbewahrungspflichten bei Geschäftsbriefen nachkommen zu können. Zielt der Kontakt auf den Abschluss eines Vertrages ab, so ist zusätzliche Rechtsgrundlage für die Verarbeitung Art. 6 Abs. 1 S. 1 lit. b) DS-GVO.<br> <br>3. Wir können Ihre Angaben und Kontaktanfrage in unserem Customer-Relationship-Management System ('CRM System') oder einem vergleichbaren System speichern.<br> <br>4. Die Daten werden gelöscht, sobald sie für die Erreichung des Zweckes ihrer Erhebung nicht mehr erforderlich sind. Für die personenbezogenen Daten aus der Eingabemaske des Kontaktformulars und diejenigen, die per E-Mail übersandt wurden, ist dies dann der Fall, wenn die jeweilige Konversation mit Ihnen beendet ist. Beendet ist die Konversation dann, wenn sich aus den Umständen entnehmen lässt, dass der betroffene Sachverhalt abschließend geklärt ist. Anfragen von Nutzern, die über einen Account bzw. Vertrag mit uns verfügen, speichern wir bis zum Ablauf von zwei Jahren nach Vertragsbeendigung. Im Fall von gesetzlichen Archivierungspflichten erfolgt die Löschung nach deren Ablauf: Ende handelsrechtlicher (6 Jahre) und steuerrechtlicher (10 Jahre) Aufbewahrungspflicht.<br><br>5. Sie haben jederzeit die Möglichkeit, die Einwilligung nach Art. 6 Abs. 1 S. 1 lit. a) DS-GVO zur Verarbeitung der personenbezogenen Daten zu widerrufen. Nehmen Sie per E-Mail Kontakt mit uns auf, so können Sie der Speicherung der personenbezogenen Daten jederzeit widersprechen.</p>"
    },
    {
      "type": "footer",
      "title": "Cookies",
      "content": "<p>Wir verwenden sog. Cookies bei Ihrem Besuch unserer Website. Cookies sind kleine Textdateien, die Ihr Internet-Browser auf Ihrem Rechner ablegt und speichert. Wenn Sie unsere Website erneut aufrufen, geben diese Cookies Informationen ab, um Sie automatisch wiederzuerkennen. Zu den Cookies zählen auch die sog. 'Nutzer-IDs', wo Angaben der Nutzer mittels pseudonymisierter Profile gespeichert werden.</p><br><br><br><h4>Es werden folgende Cookie-Arten unterschieden:</h4><br><br> <p>Notwendige, essentielle Cookies: Essentielle Cookies sind Cookies, die zum Betrieb der Webseite unbedingt erforderlich sind, um bestimmte Funktionen der Webseite wie Logins, Warenkorb oder Nutzereingaben z.B. bzgl. Sprache der Webseite zu speichern.<br> <br>Session-Cookies: Session-Cookies werden zum Wiedererkennen mehrfacher Nutzung eines Angebots durch denselben Nutzer (z.B. wenn Sie sich eingeloggt haben zur Feststellung Ihres Login-Status) benötigt. Wenn Sie unsere Seite erneut aufrufen, geben diese Cookies Informationen ab, um Sie automatisch wiederzuerkennen. Die so erlangten Informationen dienen dazu, unsere Angebote zu optimieren und Ihnen einen leichteren Zugang auf unsere Seite zu ermöglichen. Wenn Sie den Browser schließen oder Sie sich ausloggen, werden die Session-Cookies gelöscht.<br> <br>Persistente Cookies: Diese Cookies bleiben auch nach dem Schließen des Browsers gespeichert. Sie dienen zur Speicherung des Logins, der Reichweitenmessung und zu Marketingzwecken. Diese werden automatisiert nach einer vorgegebenen Dauer gelöscht, die sich je nach Cookie unterscheiden kann. In den Sicherheitseinstellungen Ihres Browsers können Sie die Cookies jederzeit löschen.<br> <br>Cookies von Drittanbietern (Third-Party-Cookies insb. von Werbetreibenden): Entsprechend Ihren Wünschen können Sie können Ihre Browser-Einstellung konfigurieren und z. B. Die Annahme von Third-Party-Cookies oder allen Cookies ablehnen. Wir weisen Sie jedoch an dieser Stelle darauf hin, dass Sie dann eventuell nicht alle Funktionen dieser Website nutzen können. Lesen Sie Näheres zu diesen Cookies bei den jeweiligen Datenschutzerklärungen zu den Drittanbietern.</p><br><br><br><h4>Rechtsgrundlagen:</h4><br><br> <p>Nachfolgend Informieren wir Sie über die Rechtsgrundlagen der Verarbeitung personenbezogener Daten:<br> <br>1. Wenn wir Ihre Einwilligung für die Verarbeitung personenbezogenen Daten eingeholt haben, ist Art. 6 Abs. 1 S. 1 lit. a) DS-GVO Rechtsgrundlage.<br> 2. Ist die Verarbeitung zur Erfüllung eines Vertrags oder zur Durchführung vorvertraglicher Maßnahmen erforderlich, die auf Ihre Anfrage hin erfolgen, so ist Art. 6 Abs. 1 S. 1 lit. b) DS-GVO Rechtsgrundlage.<br> 3. Ist die Verarbeitung zur Erfüllung einer rechtlichen Verpflichtung erforderlich, der wir unterliegen (z.B. gesetzliche Aufbewahrungspflichten), so ist Art. 6 Abs. 1 S. 1 lit. c) DS-GVO Rechtsgrundlage.<br> 4. Ist die Verarbeitung erforderlich, um lebenswichtige Interessen der betroffenen Person oder einer anderen natürlichen Person zu schützen, so ist Art. 6 Abs. 1 S. 1 lit. d) DS-GVO Rechtsgrundlage.<br> 5. Ist die Verarbeitung zur Wahrung unserer oder der berechtigten Interessen eines Dritten erforderlich und überwiegen diesbezüglich Ihre Interessen oder Grundrechte und Grundfreiheiten nicht, so ist Art. 6 Abs. 1 S. 1 lit. f) DS-GVO Rechtsgrundlage.</p><br><br><br><h4>Speicherdauer/ Löschung:</h4><br><br><p>Die Daten werden gelöscht, sobald sie für die Erreichung des Zweckes ihrer Erhebung nicht mehr erforderlich sind. Im Falle der Erfassung der Daten zur Bereitstellung der Website ist dies der Fall, wenn die jeweilige Session beendet ist. Cookies werden ansonsten auf Ihrem Computer gespeichert und von diesem an unsere Seite übermittelt. Daher haben Sie als Nutzer auch die volle Kontrolle über die Verwendung von Cookies. Durch eine Änderung der Einstellungen in Ihrem Internetbrowser können Sie die Übertragung von Cookies deaktivieren oder einschränken. Bereits gespeicherte Cookies können jederzeit gelöscht werden. Dies kann auch automatisiert erfolgen. Werden Cookies für unsere Website deaktiviert, können möglicherweise nicht mehr alle Funktionen der Website vollumfänglich genutzt werden.<br><br> Hier finden Sie Informationen zur Löschung von Cookies nach Browsern:<br><br> <a href='https://support.google.com/chrome/answer/95647' target='_blank'>https://support.google.com/chrome/answer/95647</a><br> <a href='https://support.apple.com/de-at/guide/safari/sfri11471/mac' target='_blank'>https://support.apple.com/de-at/guide/safari/sfri11471/mac</a><br><a href='https://support.mozilla.org/de/kb/cookies-und-website-daten-in-firefox-loschen' target='_blank'>https://support.mozilla.org/de/kb/cookies-und-website-daten-in-firefox-loschen</a><br><a href='https://support.microsoft.com/de-at/help/17442/windows-internet-explorer-delete-manage-cookies' target='_blank'>https://support.microsoft.com/de-at/help/17442/windows-internet-explorer-delete-manage-cookies</a><br><a href='https://support.microsoft.com/de-at/help/4027947/windows-delete-cookies' target='_blank'>https://support.microsoft.com/de-at/help/4027947/windows-delete-cookies</a></p><br><br><br><h4> Widerspruch und 'Opt-Out':</h4><br><br><p>Das Speichern von Cookies auf Ihrer Festplatte können Sie unabhängig von einer Einwilligung oder gesetzlichen Erlaubnis allgemein verhindern, indem Sie in Ihren Browser-Einstellungen 'keine Cookies akzeptieren' wählen. Sie können dem Einsatz von Cookies von Drittanbietern zu Werbezwecken über ein sog. 'Opt-out' über diese europäische Website (<a href='http://www.youronlinechoices.com/de/praferenzmanagement/' target='_blank'>http://www.youronlinechoices.com/de</a>) widersprechen.</p>"
    },
    {
      "type": "article",
      "title": "TestArticle",
      "description": "TestArticle",
      "content": "TestContent",
      "images": ["logo.png", "test2.png"]
    },
    {
      "type": "article",
      "title": "TestArticle2",
      "description": "TestArticle",
      "content": "TestContent",
      "images": ["test.png", "test2.png"]
    },
    {
      "type": "article",
      "title": "TestArticle3",
      "description": "TestArticle",
      "content": "TestContent",
      "images": ["test.png", "test2.png"]
    },
    {
      "type": "article",
      "title": "TestArticle4",
      "description": "TestArticle",
      "content": "TestContent",
      "images": ["test.png", "test2.png"]
    }
]